<?xml version="1.0" encoding="UTF-8"?>
<content xmlns:j="http://www.jahia.org/jahia/1.0" xmlns:jcr="http://www.jcp.org/jcr/1.0">
    <modules jcr:primaryType="jnt:modules">
        <bootstrap3-core j:dependencies="default jquery"
                       j:modulePriority="0"
                       j:moduleType="module"
                       j:title="Bootstrap 3 Core"
                       jcr:mixinTypes="jmix:hasExternalProviderExtension"
                       jcr:primaryType="jnt:module">
                
                <portlets jcr:primaryType="jnt:portletFolder"/>
                <files jcr:primaryType="jnt:folder"/>
                <contents jcr:primaryType="jnt:contentFolder"/>
                <templates j:rootTemplatePath="/base" jcr:primaryType="jnt:templatesFolder">
                    <files jcr:primaryType="jnt:folder"/>
                    <contents jcr:primaryType="jnt:contentFolder"/>
                </templates>
                
            </bootstrap3-core>
    </modules>
</content>
