<?xml version="1.0" encoding="UTF-8"?>
<content xmlns:j="http://www.jahia.org/jahia/1.0" xmlns:jcr="http://www.jcp.org/jcr/1.0">
    <modules jcr:primaryType="jnt:modules">
        <bootstrap3-components j:dependencies="bootstrap3-core default"
                             j:modulePriority="0"
                             j:moduleType="module"
                             j:title="Bootstrap 3 Components"
                             jcr:mixinTypes="jmix:hasExternalProviderExtension"
                             jcr:primaryType="jnt:module">
                
                <portlets jcr:primaryType="jnt:portletFolder"/>
                <files jcr:primaryType="jnt:folder"/>
                <contents jcr:primaryType="jnt:contentFolder"/>
                <templates j:rootTemplatePath="/base" jcr:primaryType="jnt:templatesFolder">
                    <files jcr:primaryType="jnt:folder"/>
                    <contents jcr:primaryType="jnt:contentFolder"/>
                    <site-settings-base j:view="siteSettings"
                                jcr:mixinTypes="jmix:useUILocale"
                                jcr:primaryType="jnt:template">
                        <site-settings j:applyOn="jnt:virtualsite"
                              j:defaultTemplate="false"
                              j:hiddenTemplate="false"
                              jcr:primaryType="jnt:contentTemplate">
                            <j:translation_en jcr:language="en"
                                    jcr:mixinTypes="mix:title"
                                    jcr:primaryType="jnt:translation"
                                    jcr:title="site settings"/>
                            <pagecontent jcr:primaryType="jnt:contentList"/>
                        </site-settings>
                    </site-settings-base>
                    <portfolio-item j:applyOn="bootstrap3nt:portfolioItem"
                            j:defaultTemplate="true"
                            j:hiddenTemplate="false"
                            j:priority="1"
                            jcr:primaryType="jnt:contentTemplate">
                        <j:translation_en jcr:language="en"
                                 jcr:mixinTypes="mix:title"
                                 jcr:primaryType="jnt:translation"
                                 jcr:title="Portfolio item"/>
                        <pagecontent jcr:primaryType="jnt:contentList">
                            <main-resource-display j:mainResourceView="detail" jcr:primaryType="jnt:mainResourceDisplay"/>
                        </pagecontent>
                    </portfolio-item>
                </templates>
                
            </bootstrap3-components>
    </modules>
</content>
